FID,RS,AGS,SDV_RS,GEN,BEZ,IBZ,BEM,SN_L,SN_R,SN_K,SN_V1,SN_V2,SN_G,FK_S3,NUTS,WSK,EWZ,KFL,Kennziffer,EWZ_18,SHAPE_Length,SHAPE_Area
1,01001,01001,010010000000,Flensburg,Kreisfreie Stadt,40,--,01,0,01,00,00,000,R,DEF01,2008/01/01 00:00:00,88519,56.73,1001,,0.524723436582434,0.00687275406008038
2,01002,01002,010020000000,Kiel,Kreisfreie Stadt,40,--,01,0,02,00,00,000,R,DEF02,2006/01/01 00:00:00,247943,118.65,1002,,1.27554505520531,0.0155057123006361
3,01003,01003,010030000000,Lübeck,Kreisfreie Stadt,40,--,01,0,03,00,00,000,R,DEF03,2006/02/01 00:00:00,216318,214.19,1003,,1.83503720771905,0.0289309207317678
4,01004,01004,010040000000,Neumünster,Kreisfreie Stadt,40,--,01,0,04,00,00,000,R,DEF04,1970/04/26 00:00:00,79335,71.66,1004,,0.663266684255569,0.00980809373528396
5,01051,01051,010510044044,Dithmarschen,Kreis,42,--,01,0,51,00,00,000,R,DEF05,2011/08/01 00:00:00,133447,1428.18,1051,,3.07627764595209,0.196060162900202
6,01053,01053,010530100100,Herzogtum Lauenburg,Kreis,42,--,01,0,53,00,00,000,R,DEF06,2009/01/01 00:00:00,196074,1263.07,1053,,3.17185649689309,0.171335070447422
7,01054,01054,010540056056,Nordfriesland,Kreis,42,--,01,0,54,00,00,000,R,DEF07,2016/01/01 00:00:00,165462,2083.52,1054,,8.001989867755,0.290531645127641
8,01055,01055,010550012012,Ostholstein,Kreis,42,--,01,0,55,00,00,000,R,DEF08,2010/01/01 00:00:00,200584,1393,1055,,4.49265907071453,0.190815781255351
9,01056,01056,010560039039,Pinneberg,Kreis,42,--,01,0,56,00,00,000,R,DEF09,2009/01/01 00:00:00,312662,664.27,1056,,2.21694978977064,0.0867274604217737
10,01057,01057,010570057057,Plön,Kreis,42,--,01,0,57,00,00,000,R,DEF0A,2009/01/01 00:00:00,128842,1083.56,1057,,2.88148501190865,0.149244669919582
11,01058,01058,010580135135,Rendsburg-Eckernförde,Kreis,42,--,01,0,58,00,00,000,R,DEF0B,2014/02/01 00:00:00,273022,2189.79,1058,,4.64218809132839,0.299278535297102
12,01059,01059,010590075075,Schleswig-Flensburg,Kreis,42,--,01,0,59,00,00,000,R,DEF0C,2016/01/01 00:00:00,199503,2071.33,1059,,5.41830607586955,0.276890239150623
13,01060,01060,010600005005,Segeberg,Kreis,42,--,01,0,60,00,00,000,R,DEF0D,2010/01/01 00:00:00,274025,1344.47,1060,,3.58253418898517,0.184053571049785
14,01061,01061,010610046046,Steinburg,Kreis,42,--,01,0,61,00,00,000,R,DEF0E,2009/01/01 00:00:00,131613,1055.71,1061,,2.53129533651578,0.139258939608908
15,01062,01062,010620004004,Stormarn,Kreis,42,--,01,0,62,00,00,000,R,DEF0F,2010/01/01 00:00:00,242472,766.22,1062,,3.15689869249268,0.10426588284751
16,02000,02000,020000000000,Hamburg,Kreisfreie Stadt,40,--,02,0,00,00,00,000,R,DE600,1974/01/01 00:00:00,1830584,755.09,2000,,3.10951982826658,0.10017859908052
17,03101,03101,031010000000,Braunschweig,Kreisfreie Stadt,40,--,03,1,01,00,00,000,K,DE911,1974/03/01 00:00:00,248023,192.7,3101,,1.14167823510983,0.0253259124632704
18,03102,03102,031020000000,Salzgitter,Kreisfreie Stadt,40,--,03,1,02,00,00,000,K,DE912,1974/03/01 00:00:00,104548,224.49,3102,,1.29018083243485,0.0295278909478523
19,03103,03103,031030000000,Wolfsburg,Kreisfreie Stadt,40,--,03,1,03,00,00,000,K,DE913,1972/07/01 00:00:00,123914,204.61,3103,,1.10106636327659,0.027073788181521
20,03151,03151,031510009009,Gifhorn,Landkreis,43,--,03,1,51,00,00,000,K,DE914,2009/01/01 00:00:00,175079,1567.58,3151,,3.3432230337183,0.208034330973099
21,03153,03153,031530017017,Goslar,Landkreis,43,--,03,1,53,00,00,000,K,DE916,2014/01/01 00:00:00,137563,966.73,3153,,2.76833298884173,0.126454004901409
22,03154,03154,031540028028,Helmstedt,Landkreis,43,--,03,1,54,00,00,000,K,DE917,2017/07/01 00:00:00,91720,676.12,3154,,2.78588324110146,0.0889282258956199
23,03155,03155,031550011011,Northeim,Landkreis,43,--,03,1,55,00,00,000,K,DE918,2009/01/01 00:00:00,133046,1268.76,3155,,2.74340450177483,0.16522845962666
24,03157,03157,031570006006,Peine,Landkreis,43,--,03,1,57,00,00,000,K,DE91A,2009/01/01 00:00:00,133368,536.5,3157,,1.79190319995002,0.0706577813668523
25,03158,03158,031580037037,Wolfenbüttel,Landkreis,43,--,03,1,58,00,00,000,K,DE91B,2009/01/01 00:00:00,120437,724.29,3158,,2.50141101080715,0.0950476909095015
26,03159,03159,031590016016,Göttingen,Landkreis,43,--,03,1,59,00,00,000,K,-----,2016/11/01 00:00:00,328036,1755.53,3159,,4.59550617819814,0.227469703358547
27,03241,03241,032410001001,Region Hannover,Landkreis,45,Sonderverband,03,2,41,00,00,000,K,DE929,2009/01/01 00:00:00,1152675,2297.13,3241,,4.62209956395231,0.303502004117919
28,03251,03251,032510012012,Diepholz,Landkreis,43,--,03,2,51,00,00,000,K,DE922,2009/01/01 00:00:00,216012,1990.99,3251,,3.6431274644943,0.264796659844786
29,03252,03252,032520006006,Hameln-Pyrmont,Landkreis,43,--,03,2,52,00,00,000,K,DE923,2009/01/01 00:00:00,148296,797.53,3252,,2.49268091956103,0.10463401325634
30,03254,03254,032540021021,Hildesheim,Landkreis,43,--,03,2,54,00,00,000,K,DE925,2009/01/01 00:00:00,276640,1208.35,3254,,3.00184066479838,0.158351805089216
31,03255,03255,032550023023,Holzminden,Landkreis,43,--,03,2,55,00,00,000,K,DE926,2009/01/01 00:00:00,71144,694.23,3255,,2.27395402897979,0.0906482803207587
32,03256,03256,032560022022,Nienburg (Weser),Landkreis,43,--,03,2,56,00,00,000,K,DE927,2009/01/01 00:00:00,121470,1400.81,3256,,3.8601440928851,0.185897666219399
33,03257,03257,032570035035,Schaumburg,Landkreis,43,--,03,2,57,00,00,000,K,DE928,2009/01/01 00:00:00,157883,675.69,3257,,2.48010668940914,0.0890790451021105
34,03351,03351,033510006006,Celle,Landkreis,43,--,03,3,51,00,00,000,K,DE931,2009/01/01 00:00:00,178764,1550.82,3351,,2.95258749901754,0.206094543929934
35,03352,03352,033520011011,Cuxhaven,Landkreis,43,--,03,3,52,00,00,000,K,DE932,2010/01/01 00:00:00,198100,2058.97,3352,,3.77270505449777,0.279616256652791
36,03353,03353,033530040040,Harburg,Landkreis,43,--,03,3,53,00,00,000,K,DE933,2009/01/01 00:00:00,251511,1248.45,3353,,3.18343238409239,0.168410438430395
37,03354,03354,033545407018,Lüchow-Dannenberg,Landkreis,43,--,03,3,54,00,00,000,K,DE934,2009/01/01 00:00:00,48357,1227.28,3354,,2.83717340525382,0.164227595260521
38,03355,03355,033550022022,Lüneburg,Landkreis,43,--,03,3,55,00,00,000,K,DE935,2014/11/01 00:00:00,182930,1327.8,3355,,3.99184693090478,0.17858809053739
39,03356,03356,033560007007,Osterholz,Landkreis,43,--,03,3,56,00,00,000,K,DE936,2009/01/01 00:00:00,113105,652.67,3356,,2.14869368209217,0.0879386736414214
40,03357,03357,033570039039,Rotenburg (Wümme),Landkreis,43,--,03,3,57,00,00,000,K,DE937,2009/01/01 00:00:00,163377,2074.78,3357,,4.28091256388206,0.279173920704598
41,03358,03358,033580008008,Heidekreis,Landkreis,43,--,03,3,58,00,00,000,K,DE938,2011/08/01 00:00:00,139099,1881.46,3358,,4.46653873851872,0.251491045678238
42,03359,03359,033590038038,Stade,Landkreis,43,--,03,3,59,00,00,000,K,DE939,2009/01/01 00:00:00,201887,1267.39,3359,,3.71537285112922,0.163642883812574
43,03360,03360,033600025025,Uelzen,Landkreis,43,--,03,3,60,00,00,000,K,DE93A,2009/01/01 00:00:00,92744,1462.6,3360,,2.67805538557537,0.195654468246248
44,03361,03361,033610012012,Verden,Landkreis,43,--,03,3,61,00,00,000,K,DE93B,2009/01/01 00:00:00,136590,789.34,3361,,2.69769175513194,0.105551780609209
45,03401,03401,034010000000,Delmenhorst,Kreisfreie Stadt,40,--,03,4,01,00,00,000,K,DE941,1974/03/01 00:00:00,77521,62.45,3401,,0.541685617085452,0.00837085218111094
46,03402,03402,034020000000,Emden,Kreisfreie Stadt,40,--,03,4,02,00,00,000,K,DE942,2004/12/31 00:00:00,50607,112.34,3402,,0.857880517280687,0.0150134165690989
47,03403,03403,034030000000,Oldenburg (Oldb),Kreisfreie Stadt,40,--,03,4,03,00,00,000,K,DE943,2001/11/13 00:00:00,167081,103.09,3403,,0.628675652028184,0.0139283498950396
48,03404,03404,034040000000,Osnabrück,Kreisfreie Stadt,40,--,03,4,04,00,00,000,K,DE944,1972/07/01 00:00:00,164374,119.8,3404,,0.908193279806566,0.0158331674741994
49,03405,03405,034050000000,Wilhelmshaven,Kreisfreie Stadt,40,--,03,4,05,00,00,000,K,DE945,2005/04/23 00:00:00,76316,107.07,3405,,0.70710153675548,0.0145821276799124
50,03451,03451,034510007007,Ammerland,Landkreis,43,--,03,4,51,00,00,000,K,DE946,2009/01/01 00:00:00,123377,730.63,3451,,1.8701257835995,0.0981692845928796
51,03452,03452,034520001001,Aurich,Landkreis,43,--,03,4,52,00,00,000,K,DE947,2009/01/01 00:00:00,189949,1287.34,3452,,4.67902424684019,0.175229721905332
52,03453,03453,034530004004,Cloppenburg,Landkreis,43,--,03,4,53,00,00,000,K,DE948,2009/01/01 00:00:00,167925,1420.35,3453,,2.7483301396738,0.189823355114007
53,03454,03454,034540035035,Emsland,Landkreis,43,--,03,4,54,00,00,000,K,DE949,2009/01/01 00:00:00,323636,2883.66,3454,,3.46414148317863,0.383689152199684
54,03455,03455,034550007007,Friesland,Landkreis,43,--,03,4,55,00,00,000,K,DE94A,2009/01/01 00:00:00,98509,609.54,3455,,2.58626942551348,0.0836666017744878
55,03456,03456,034560015015,Grafschaft Bentheim,Landkreis,43,--,03,4,56,00,00,000,K,DE94B,2009/01/01 00:00:00,135859,981.81,3456,,2.3346208832456,0.129880610031675
56,03457,03457,034570013013,Leer,Landkreis,43,--,03,4,57,00,00,000,K,DE94C,2009/01/01 00:00:00,168946,1085.69,3457,,2.78188640607298,0.143316663479623
57,03458,03458,034580014014,Oldenburg,Landkreis,43,--,03,4,58,00,00,000,K,DE94D,2009/01/01 00:00:00,129924,1064.83,3458,,2.40263219594886,0.142517257833786
58,03459,03459,034040000000,Osnabrück,Landkreis,43,--,03,4,59,00,00,000,K,DE94E,1998/04/01 00:00:00,356140,2121.81,3459,,4.54997006594769,0.279933499054256
59,03460,03460,034600009009,Vechta,Landkreis,43,--,03,4,60,00,00,000,K,DE94F,2009/01/01 00:00:00,140540,814.19,3460,,2.05859739495958,0.108090883128373
60,03461,03461,034610002002,Wesermarsch,Landkreis,43,--,03,4,61,00,00,000,K,DE94G,2009/01/01 00:00:00,89022,824.76,3461,,2.35377986326018,0.111797355968363
61,03462,03462,034620019019,Wittmund,Landkreis,43,--,03,4,62,00,00,000,K,DE94H,2009/01/01 00:00:00,56731,656.84,3462,,3.00984076056831,0.0894539265271678
62,04011,04011,040110000000,Bremen,Kreisfreie Stadt,40,--,04,0,11,00,00,000,R,DE501,2002/01/01 00:00:00,568006,317.88,4011,,1.84305583997316,0.0437059039245001
63,04012,04012,040120000000,Bremerhaven,Kreisfreie Stadt,40,--,04,0,12,00,00,000,R,DE502,2010/01/01 00:00:00,113026,101.53,4012,,0.816875743783037,0.0103927282788471
64,05111,05111,051110000000,Düsseldorf,Kreisfreie Stadt,40,--,05,1,11,00,00,000,R,DEA11,1980/01/01 00:00:00,617280,217.41,5111,,1.29833329942056,0.0279900806888195
65,05112,05112,051120000000,Duisburg,Kreisfreie Stadt,40,--,05,1,12,00,00,000,R,DEA12,1975/01/01 00:00:00,498110,232.8,5112,,1.1062203788038,0.0301308272610317
66,05113,05113,051130000000,Essen,Kreisfreie Stadt,40,--,05,1,13,00,00,000,R,DEA13,2006/10/01 00:00:00,583393,210.34,5113,,0.964859981318399,0.0272081469874506
67,05114,05114,051140000000,Krefeld,Kreisfreie Stadt,40,--,05,1,14,00,00,000,R,DEA14,2001/02/01 00:00:00,226699,137.77,5114,,0.776489778162555,0.0176261361167771
68,05116,05116,051160000000,Mönchengladbach,Kreisfreie Stadt,40,--,05,1,16,00,00,000,R,DEA15,1995/07/01 00:00:00,262188,170.47,5116,,0.997255075890688,0.021941623451208
69,05117,05117,051170000000,Mülheim an der Ruhr,Kreisfreie Stadt,40,--,05,1,17,00,00,000,R,DEA16,1975/01/01 00:00:00,171265,91.28,5117,,0.54917678213125,0.0117906959058175
70,05119,05119,051190000000,Oberhausen,Kreisfreie Stadt,40,--,05,1,19,00,00,000,R,DEA17,2006/10/01 00:00:00,211422,77.09,5119,,0.556279284740872,0.0100299686582696
71,05120,05120,051200000000,Remscheid,Kreisfreie Stadt,40,--,05,1,20,00,00,000,R,DEA18,1975/01/01 00:00:00,110584,74.52,5120,,0.555236461144477,0.00952249369725766
72,05122,05122,051220000000,Solingen,Kreisfreie Stadt,40,--,05,1,22,00,00,000,R,DEA19,1975/01/01 00:00:00,158803,89.54,5122,,0.717807121271268,0.0114355222636675
73,05124,05124,051240000000,Wuppertal,Kreisfreie Stadt,40,--,05,1,24,00,00,000,R,DEA1A,1975/01/01 00:00:00,353590,168.39,5124,,1.03571047096712,0.02167898072834
74,05154,05154,051540036036,Kleve,Kreis,42,--,05,1,54,00,00,000,R,DEA1B,2009/01/01 00:00:00,311270,1232.99,5154,,3.28381926565696,0.160177597945921
75,05158,05158,051580024024,Mettmann,Kreis,42,--,05,1,58,00,00,000,R,DEA1C,2009/01/01 00:00:00,485409,407.21,5158,,2.1025453498781,0.0525130653354613
76,05162,05162,051620024024,Rhein-Kreis Neuss,Kreis,42,--,05,1,62,00,00,000,R,DEA1D,2009/01/01 00:00:00,449408,576.42,5162,,2.0063297734739,0.074077289489304
77,05166,05166,051660032032,Viersen,Kreis,42,--,05,1,66,00,00,000,R,DEA1E,2009/01/01 00:00:00,298733,563.27,5166,,1.79601409047138,0.0726051118136388
78,05170,05170,051700048048,Wesel,Kreis,42,--,05,1,70,00,00,000,R,DEA1F,2009/01/01 00:00:00,460666,1042.81,5170,,2.82988614871299,0.135296025352772
79,05314,05314,053140000000,Bonn,Kreisfreie Stadt,40,--,05,3,14,00,00,000,R,DEA22,1969/08/01 00:00:00,325490,141.06,5314,,0.760406150710624,0.0180234385112985
80,05315,05315,053150000000,Köln,Kreisfreie Stadt,40,--,05,3,15,00,00,000,R,DEA23,1976/06/01 00:00:00,1080394,405.01,5315,,1.43706295984125,0.0520052965376822
81,05316,05316,053160000000,Leverkusen,Kreisfreie Stadt,40,--,05,3,16,00,00,000,R,DEA24,1975/01/01 00:00:00,163577,78.87,5316,,0.629899060064614,0.0101000697140806
82,05334,05334,053340002002,Städteregion Aachen,Kreis,46,Sonderverband,05,3,34,00,00,000,R,DEA2D,2009/10/21 00:00:00,554068,706.92,5334,,3.13341244669962,0.0896773778581714
83,05358,05358,053580008008,Düren,Kreis,42,--,05,3,58,00,00,000,R,DEA26,2009/01/01 00:00:00,262889,941.49,5358,,2.8060604577079,0.119982243970665
84,05362,05362,053620008008,Rhein-Erft-Kreis,Kreis,42,--,05,3,62,00,00,000,R,DEA27,2009/01/01 00:00:00,467209,704.7,5362,,2.27940276749991,0.089858982829993
85,05366,05366,053660016016,Euskirchen,Kreis,42,--,05,3,66,00,00,000,R,DEA28,2009/01/01 00:00:00,192127,1248.72,5366,,3.36080537342697,0.158516803669755
86,05370,05370,053700016016,Heinsberg,Kreis,42,--,05,3,70,00,00,000,R,DEA29,2009/01/01 00:00:00,253106,627.92,5370,,1.99230320575461,0.0803991662919812
87,05374,05374,053740012012,Oberbergischer Kreis,Kreis,42,--,05,3,74,00,00,000,R,DEA2A,2009/01/01 00:00:00,272968,918.84,5374,,2.60267296000235,0.117613455534389
88,05378,05378,053780004004,Rheinisch-Bergischer Kreis,Kreis,42,--,05,3,78,00,00,000,R,DEA2B,2009/01/01 00:00:00,283344,437.32,5378,,1.94431474445793,0.0561390317675772
89,05382,05382,053820060060,Rhein-Sieg-Kreis,Kreis,42,--,05,3,82,00,00,000,R,DEA2C,2009/01/01 00:00:00,599056,1153.2,5382,,3.71904625744358,0.146807790477837
90,05512,05512,055120000000,Bottrop,Kreisfreie Stadt,40,--,05,5,12,00,00,000,R,DEA31,1976/07/01 00:00:00,117364,100.61,5512,,0.697555699744501,0.0129962520997542
91,05513,05513,055130000000,Gelsenkirchen,Kreisfreie Stadt,40,--,05,5,13,00,00,000,R,DEA32,2002/11/01 00:00:00,260305,104.94,5513,,0.665253603036975,0.0136457834334686
92,05515,05515,055150000000,Münster,Kreisfreie Stadt,40,--,05,5,15,00,00,000,R,DEA33,1975/01/01 00:00:00,313559,303.28,5515,,1.22803455659498,0.039683431462128
93,05554,05554,055540012012,Borken,Kreis,42,--,05,5,54,00,00,000,R,DEA34,2009/01/01 00:00:00,369718,1420.96,5554,,3.30470522944805,0.185835882738008
94,05558,05558,055580012012,Coesfeld,Kreis,42,--,05,5,58,00,00,000,R,DEA35,2009/01/01 00:00:00,219360,1112.04,5558,,2.59996262830749,0.145136245576688
95,05562,05562,055620032032,Recklinghausen,Kreis,42,--,05,5,62,00,00,000,R,DEA36,2009/01/01 00:00:00,616824,761.32,5562,,2.33643953291188,0.0989217455822969
96,05566,05566,055660084084,Steinfurt,Kreis,42,--,05,5,66,00,00,000,R,DEA37,2009/01/01 00:00:00,446565,1795.76,5566,,3.1192555104592,0.236058572576287
97,05570,05570,055700052052,Warendorf,Kreis,42,--,05,5,70,00,00,000,R,DEA38,2009/01/01 00:00:00,277458,1319.42,5570,,2.83074997502538,0.172075230921205
98,05711,05711,057110000000,Bielefeld,Kreisfreie Stadt,40,--,05,7,11,00,00,000,R,DEA41,1973/01/01 00:00:00,332552,258.82,5711,,1.16964356712948,0.0339099174960062
99,05754,05754,057540008008,Gütersloh,Kreis,42,--,05,7,54,00,00,000,R,DEA42,2009/01/01 00:00:00,363049,969.21,5754,,2.53426180783869,0.126680337856192
100,05758,05758,057580012012,Herford,Kreis,42,--,05,7,58,00,00,000,R,DEA43,2009/01/01 00:00:00,251539,450.41,5758,,1.84796369000975,0.059210884431674
101,05762,05762,057620020020,Höxter,Kreis,42,--,05,7,62,00,00,000,R,DEA44,2009/01/01 00:00:00,141565,1201.42,5762,,2.57924958982256,0.156049836546794
102,05766,05766,057660020020,Lippe,Kreis,42,--,05,7,66,00,00,000,R,DEA45,2009/01/01 00:00:00,349069,1246.19,5766,,2.80025932947331,0.162967094431757
103,05770,05770,057700024024,Minden-Lübbecke,Kreis,42,--,05,7,70,00,00,000,R,DEA46,2009/01/01 00:00:00,311207,1152.42,5770,,3.16240720060652,0.151945176716043
104,05774,05774,057740032032,Paderborn,Kreis,42,--,05,7,74,00,00,000,R,DEA47,2009/01/01 00:00:00,305362,1246.78,5774,,2.43417092923596,0.161963091540662
105,05911,05911,059110000000,Bochum,Kreisfreie Stadt,40,--,05,9,11,00,00,000,R,DEA51,1975/01/01 00:00:00,365529,145.66,5911,,0.764737279509894,0.0187323678395912
106,05913,05913,059130000000,Dortmund,Kreisfreie Stadt,40,--,05,9,13,00,00,000,R,DEA52,1975/01/01 00:00:00,586600,280.71,5913,,1.17141391187432,0.0362159486239418
107,05914,05914,059140000000,Hagen,Kreisfreie Stadt,40,--,05,9,14,00,00,000,R,DEA53,1999/02/01 00:00:00,187730,160.45,5914,,0.990103189569152,0.0206893513494831
108,05915,05915,059150000000,Hamm,Kreisfreie Stadt,40,--,05,9,15,00,00,000,R,DEA54,2003/03/01 00:00:00,179185,226.43,5915,,1.10823256551751,0.0295703910995195
109,05916,05916,059160000000,Herne,Kreisfreie Stadt,40,--,05,9,16,00,00,000,R,DEA55,2002/11/01 00:00:00,156490,51.42,5916,,0.476230063759812,0.00667179515249701
110,05954,05954,059540024024,Ennepe-Ruhr-Kreis,Kreis,42,--,05,9,54,00,00,000,R,DEA56,2009/01/01 00:00:00,324670,409.63,5954,,1.96975812236733,0.0530138833441315
111,05958,05958,059580032032,Hochsauerlandkreis,Kreis,42,--,05,9,58,00,00,000,R,DEA57,2009/11/01 00:00:00,261591,1960.15,5958,,4.22503138097593,0.252617717153721
112,05962,05962,059620032032,Märkischer Kreis,Kreis,42,--,05,9,62,00,00,000,R,DEA58,2009/01/01 00:00:00,413383,1061.06,5962,,2.3945202208841,0.136650459013967
113,05966,05966,059660024024,Olpe,Kreis,42,--,05,9,66,00,00,000,R,DEA59,2009/01/01 00:00:00,134808,712.14,5966,,2.24517115462246,0.0912982060548924
114,05970,05970,059700040040,Siegen-Wittgenstein,Kreis,42,--,05,9,70,00,00,000,R,DEA5A,2009/01/01 00:00:00,277977,1132.89,5970,,2.58501929911017,0.145021509971078
115,05974,05974,059740040040,Soest,Kreis,42,--,05,9,74,00,00,000,R,DEA5B,2009/01/01 00:00:00,301693,1328.63,5974,,2.65618720872186,0.172327810713655
116,05978,05978,059780036036,Unna,Kreis,42,--,05,9,78,00,00,000,R,DEA5C,2009/01/01 00:00:00,393934,543.21,5978,,2.37966748700795,0.0703771619233936
117,06411,06411,064110000000,Darmstadt,Kreisfreie Stadt,40,--,06,4,11,00,00,000,R,DE711,1977/01/01 00:00:00,158254,122.07,6411,,0.718638912406095,0.0154026320212705
118,06412,06412,064120000000,Frankfurt am Main,Kreisfreie Stadt,40,--,06,4,12,00,00,000,R,DE712,1977/01/01 00:00:00,746878,248.31,6412,,1.2552140599505,0.0312018984112273
119,06413,06413,064130000000,Offenbach am Main,Kreisfreie Stadt,40,--,06,4,13,00,00,000,R,DE713,1977/01/01 00:00:00,126658,44.88,6413,,0.483377055856634,0.00569737395898729
120,06414,06414,064140000000,Wiesbaden,Kreisfreie Stadt,40,--,06,4,14,00,00,000,R,DE714,1977/01/01 00:00:00,278654,203.87,6414,,0.911026979541225,0.0256018420538893
121,06431,06431,064310011011,Bergstraße,Landkreis,43,--,06,4,31,00,00,000,R,DE715,2009/01/01 00:00:00,268780,719.48,6431,,2.64665064827098,0.0894660939584556
122,06432,06432,064110000000,Darmstadt-Dieburg,Landkreis,43,--,06,4,32,00,00,000,R,DE716,1977/01/01 00:00:00,296048,658.61,6432,,2.46629263647075,0.0822438535029087
123,06433,06433,064330006006,Groß-Gerau,Landkreis,43,--,06,4,33,00,00,000,R,DE717,2009/01/01 00:00:00,271403,453.03,6433,,1.59100719551544,0.0567427271533101
124,06434,06434,064340001001,Hochtaunuskreis,Landkreis,43,--,06,4,34,00,00,000,R,DE718,2009/01/01 00:00:00,235995,481.84,6434,,1.77243446870359,0.0606474418278184
125,06435,06435,064350010010,Main-Kinzig-Kreis,Landkreis,43,--,06,4,35,00,00,000,R,DE719,2011/07/01 00:00:00,418208,1397.33,6435,,3.53249049492707,0.176060958645072
126,06436,06436,064360007007,Main-Taunus-Kreis,Landkreis,43,--,06,4,36,00,00,000,R,DE71A,2009/01/01 00:00:00,236969,222.52,6436,,1.3823172474173,0.0278418994835719
127,06437,06437,064370006006,Odenwaldkreis,Landkreis,43,--,06,4,37,00,00,000,R,DE71B,2009/01/01 00:00:00,96597,623.99,6437,,1.98351517874056,0.0778379935139478
128,06438,06438,064380001001,Offenbach,Landkreis,43,--,06,4,38,00,00,000,R,DE71C,2009/01/01 00:00:00,351692,356.23,6438,,1.40998231285039,0.0446722723531835
129,06439,06439,064390002002,Rheingau-Taunus-Kreis,Landkreis,43,--,06,4,39,00,00,000,R,DE71D,2009/01/01 00:00:00,186602,811.42,6439,,2.43983218764169,0.102116220147389
130,06440,06440,064400008008,Wetteraukreis,Landkreis,43,--,06,4,40,00,00,000,R,DE71E,2009/01/01 00:00:00,305312,1100.69,6440,,3.11813941631387,0.139056288857797
131,06531,06531,065310005005,Gießen,Landkreis,43,--,06,5,31,00,00,000,R,DE721,2009/01/01 00:00:00,267056,854.56,6531,,2.56577162052956,0.108541796741498
132,06532,06532,065320023023,Lahn-Dill-Kreis,Landkreis,43,--,06,5,32,00,00,000,R,DE722,2009/01/01 00:00:00,254164,1066.3,6532,,2.52283256841817,0.135395299479642
133,06533,06533,065330009009,Limburg-Weilburg,Landkreis,43,--,06,5,33,00,00,000,R,DE723,2009/01/01 00:00:00,171971,738.43,6533,,2.00449561981102,0.0935085112730767
134,06534,06534,065340014014,Marburg-Biedenkopf,Landkreis,43,--,06,5,34,00,00,000,R,DE724,2009/01/01 00:00:00,246165,1262.37,6534,,2.61255957683721,0.161047529482856
135,06535,06535,065350011011,Vogelsbergkreis,Landkreis,43,--,06,5,35,00,00,000,R,DE725,2009/01/01 00:00:00,106451,1458.91,6535,,3.27829045403851,0.185304315578981
136,06611,06611,066110000000,Kassel,Kreisfreie Stadt,40,--,06,6,11,00,00,000,R,DE731,2004/12/31 00:00:00,200736,106.8,6611,,0.751919758433245,0.013466662342562
137,06631,06631,066310009009,Fulda,Landkreis,43,--,06,6,31,00,00,000,R,DE732,2009/01/01 00:00:00,221783,1380.42,6631,,2.8753412769108,0.175282667363394
138,06632,06632,066320002002,Hersfeld-Rotenburg,Landkreis,43,--,06,6,32,00,00,000,R,DE733,2009/01/01 00:00:00,121101,1097.74,6632,,2.83817308265024,0.14030871366056
139,06633,06633,066110000000,Kassel,Landkreis,43,--,06,6,33,00,00,000,R,DE734,2015/01/01 00:00:00,236674,1293.36,6633,,4.41513477610249,0.167300661431673
140,06634,06634,066340009009,Schwalm-Eder-Kreis,Landkreis,43,--,06,6,34,00,00,000,R,DE735,2009/01/01 00:00:00,180754,1539.01,6634,,3.1317897838797,0.197239393725747
141,06635,06635,066350015015,Waldeck-Frankenberg,Landkreis,43,--,06,6,35,00,00,000,R,DE736,2009/11/01 00:00:00,157256,1848.7,6635,,3.78134262966842,0.237584657702187
142,06636,06636,066360003003,Werra-Meißner-Kreis,Landkreis,43,--,06,6,36,00,00,000,R,DE737,2009/01/01 00:00:00,101101,1024.84,6636,,3.29530885320238,0.131729189790087
143,07111,07111,071110000000,Koblenz,Kreisfreie Stadt,40,--,07,1,11,00,00,000,K,DEB11,1970/11/07 00:00:00,113844,105.25,7111,,0.700414047347412,0.0133837610632492
144,07131,07131,071310007007,Ahrweiler,Landkreis,43,--,07,1,31,00,00,000,K,DEB12,2009/01/01 00:00:00,128914,787.02,7131,,2.30281499230494,0.0996477193081596
145,07132,07132,071325001501,Altenkirchen (Westerwald),Landkreis,43,--,07,1,32,00,00,000,K,DEB13,2009/01/01 00:00:00,128791,642.38,7132,,2.63927633670255,0.0816690627875101
146,07133,07133,071330006006,Bad Kreuznach,Landkreis,43,--,07,1,33,00,00,000,K,DEB14,2009/01/01 00:00:00,157549,863.89,7133,,2.21237072041259,0.107965836432691
147,07134,07134,071345002010,Birkenfeld,Landkreis,43,--,07,1,34,00,00,000,K,DEB15,2009/01/01 00:00:00,80728,776.82,7134,,2.01601791534221,0.0968849495735846
148,07135,07135,071355001020,Cochem-Zell,Landkreis,43,--,07,1,35,00,00,000,K,DEB16,2014/07/01 00:00:00,61662,692.47,7135,,2.14925279642975,0.0871498863435554
149,07137,07137,071110000000,Mayen-Koblenz,Landkreis,43,--,07,1,37,00,00,000,K,DEB17,1974/03/16 00:00:00,213554,817.69,7137,,3.3206956671851,0.103099068083885
150,07138,07138,071380045045,Neuwied,Landkreis,43,--,07,1,38,00,00,000,K,DEB18,2009/01/01 00:00:00,181655,627.04,7138,,2.07736788202701,0.0796326521187116
151,07140,07140,071405007144,Rhein-Hunsrück-Kreis,Landkreis,43,--,07,1,40,00,00,000,K,DEB19,2014/07/01 00:00:00,102938,991.07,7140,,2.61416279676418,0.124402170001709
152,07141,07141,071415001006,Rhein-Lahn-Kreis,Landkreis,43,--,07,1,41,00,00,000,K,DEB1A,2009/01/01 00:00:00,122381,782.2,7141,,2.4746545921855,0.0985399215100588
153,07143,07143,071435004048,Westerwaldkreis,Landkreis,43,--,07,1,43,00,00,000,K,DEB1B,2009/01/01 00:00:00,201039,989.06,7143,,3.01112926323613,0.125601732451928
154,07211,07211,072110000000,Trier,Kreisfreie Stadt,40,--,07,2,11,00,00,000,K,DEB21,2017/07/01 00:00:00,110013,117.06,7211,,1.00977729134296,0.0144165565497289
155,07231,07231,072310134134,Bernkastel-Wittlich,Landkreis,43,--,07,2,31,00,00,000,K,DEB22,2012/01/01 00:00:00,112134,1167.93,7231,,2.44265228868422,0.146323851194517
156,07232,07232,072320018018,Eifelkreis Bitburg-Prüm,Landkreis,43,--,07,2,32,00,00,000,K,DEB23,2009/01/01 00:00:00,98213,1626.94,7232,,2.99147573997764,0.204407201143693
157,07233,07233,072335001501,Vulkaneifel,Landkreis,43,--,07,2,33,00,00,000,K,DEB24,2009/01/01 00:00:00,60705,911.65,7233,,3.02063809934061,0.114878550695504
158,07235,07235,072110000000,Trier-Saarburg,Landkreis,43,--,07,2,35,00,00,000,K,DEB25,2017/07/01 00:00:00,148532,1102.2,7235,,3.77157810221417,0.137761236061859
159,07311,07311,073110000000,Frankenthal (Pfalz),Kreisfreie Stadt,40,--,07,3,11,00,00,000,K,DEB31,1969/06/07 00:00:00,48417,43.88,7311,,0.467897084158304,0.0054309690464647
160,07312,07312,073120000000,Kaiserslautern,Kreisfreie Stadt,40,--,07,3,12,00,00,000,K,DEB32,1969/06/07 00:00:00,99684,139.7,7312,,0.886271105923402,0.0173789628341649
161,07313,07313,073130000000,Landau in der Pfalz,Kreisfreie Stadt,40,--,07,3,13,00,00,000,K,DEB33,1972/04/22 00:00:00,46292,82.94,7313,,1.03228184488957,0.010243088805403
162,07314,07314,073140000000,Ludwigshafen am Rhein,Kreisfreie Stadt,40,--,07,3,14,00,00,000,K,DEB34,1974/03/16 00:00:00,168497,77.43,7314,,0.593045975381628,0.00966362280987393
163,07315,07315,073150000000,Mainz,Kreisfreie Stadt,40,--,07,3,15,00,00,000,K,DEB35,1969/06/07 00:00:00,215110,97.73,7315,,0.720986782621567,0.0122398241652094
164,07316,07316,073160000000,Neustadt an der Weinstraße,Kreisfreie Stadt,40,--,07,3,16,00,00,000,K,DEB36,1974/03/16 00:00:00,53353,117.09,7316,,0.90225242141319,0.0145171522298214
165,07317,07317,073170000000,Pirmasens,Kreisfreie Stadt,40,--,07,3,17,00,00,000,K,DEB37,1972/04/22 00:00:00,40632,61.36,7317,,0.566628201341028,0.00758562522231643
166,07318,07318,073180000000,Speyer,Kreisfreie Stadt,40,--,07,3,18,00,00,000,K,DEB38,1968/10/01 00:00:00,50931,42.71,7318,,0.462883810485829,0.00529866316911171
167,07319,07319,073190000000,Worms,Kreisfreie Stadt,40,--,07,3,19,00,00,000,K,DEB39,1969/06/07 00:00:00,83081,108.73,7319,,0.842720778667471,0.0135407109273954
168,07320,07320,073200000000,Zweibrücken,Kreisfreie Stadt,40,--,07,3,20,00,00,000,K,DEB3A,1972/04/22 00:00:00,34270,70.64,7320,,0.675037183593333,0.00875299151692777
169,07331,07331,073310003003,Alzey-Worms,Landkreis,43,--,07,3,31,00,00,000,K,DEB3B,2009/01/01 00:00:00,128519,588.08,7331,,2.19574315329435,0.0733713650033333
170,07332,07332,073320002002,Bad Dürkheim,Landkreis,43,--,07,3,32,00,00,000,K,DEB3C,2009/01/01 00:00:00,132739,594.61,7332,,2.26666021105019,0.0736554760094799
171,07333,07333,073335004039,Donnersbergkreis,Landkreis,43,--,07,3,33,00,00,000,K,DEB3D,2009/01/01 00:00:00,75102,645.42,7333,,1.84247827554628,0.0802314591091348
172,07334,07334,073340007007,Germersheim,Landkreis,43,--,07,3,34,00,00,000,K,DEB3E,2009/01/01 00:00:00,128477,463.32,7334,,1.53026503435023,0.0570796456501321
173,07335,07335,073120000000,Kaiserslautern,Landkreis,43,--,07,3,35,00,00,000,K,DEB3F,1972/04/22 00:00:00,105649,639.98,7335,,3.09641220850309,0.0794518794386144
174,07336,07336,073365003055,Kusel,Landkreis,43,--,07,3,36,00,00,000,K,DEB3G,2009/01/01 00:00:00,70764,573.58,7336,,2.12869991301356,0.0711966890205697
175,07337,07337,073130000000,Südliche Weinstraße,Landkreis,43,--,07,3,37,00,00,000,K,DEB3H,1978/01/01 00:00:00,110622,639.95,7337,,3.14763160849374,0.0788941880305854
176,07338,07338,073140000000,Rhein-Pfalz-Kreis,Landkreis,43,--,07,3,38,00,00,000,K,DEB3I,2004/01/01 00:00:00,153629,305.01,7338,,2.07050800861944,0.0377430159849312
177,07339,07339,073390030030,Mainz-Bingen,Landkreis,43,--,07,3,39,00,00,000,K,DEB3J,2009/01/01 00:00:00,209785,605.37,7339,,2.68266922122403,0.0758293735763819
178,07340,07340,073170000000,Südwestpfalz,Landkreis,43,--,07,3,40,00,00,000,K,DEB3K,1997/01/01 00:00:00,95474,953.59,7340,,3.3399084217978,0.11775164969321
179,08111,08111,081110000000,Stuttgart,Stadtkreis,41,--,08,1,11,00,00,000,R,DE111,1973/01/01 00:00:00,632743,207.35,8111,,1.10413070885588,0.0256658677319863
180,08115,08115,081150003003,Böblingen,Landkreis,43,--,08,1,15,00,00,000,R,DE112,2014/04/01 00:00:00,389548,617.78,8115,,2.22675036960579,0.0753696994995526
181,08116,08116,081160019019,Esslingen,Landkreis,43,--,08,1,16,00,00,000,R,DE113,2014/04/01 00:00:00,532447,641.28,8116,,2.20591816937284,0.0780804536367415
182,08117,08117,081175005026,Göppingen,Landkreis,43,--,08,1,17,00,00,000,R,DE114,2009/01/01 00:00:00,256345,642.33,8117,,2.23899182151849,0.0784476332037656
183,08118,08118,081180048048,Ludwigsburg,Landkreis,43,--,08,1,18,00,00,000,R,DE115,2009/01/01 00:00:00,542630,686.75,8118,,2.45337464576465,0.0842931883828793
184,08119,08119,081190079079,Rems-Murr-Kreis,Landkreis,43,--,08,1,19,00,00,000,R,DE116,2009/01/01 00:00:00,424878,858.09,8119,,2.47240133496224,0.105147438857558
185,08121,08121,081210000000,Heilbronn,Stadtkreis,41,--,08,1,21,00,00,000,R,DE117,1974/04/01 00:00:00,125113,99.89,8121,,0.796163026527986,0.0124028119634208
186,08125,08125,081210000000,Heilbronn,Landkreis,43,--,08,1,25,00,00,000,R,DE118,1974/04/01 00:00:00,340772,1099.94,8125,,4.20062886371263,0.135515823873411
187,08126,08126,081265003046,Hohenlohekreis,Landkreis,43,--,08,1,26,00,00,000,R,DE119,2009/01/01 00:00:00,111392,776.76,8126,,2.67609988184697,0.0960175558052611
188,08127,08127,081275009076,Schwäbisch Hall,Landkreis,43,--,08,1,27,00,00,000,R,DE11A,2009/01/01 00:00:00,194203,1484.06,8127,,3.97034969461862,0.182903553251591
189,08128,08128,081285004115,Main-Tauber-Kreis,Landkreis,43,--,08,1,28,00,00,000,R,DE11B,2009/01/01 00:00:00,132189,1304.13,8128,,4.1649802963517,0.162181654067189
190,08135,08135,081355002019,Heidenheim,Landkreis,43,--,08,1,35,00,00,000,R,DE11C,2009/01/01 00:00:00,132006,627.11,8135,,2.68941427213295,0.0765893775237575
191,08136,08136,081365001088,Ostalbkreis,Landkreis,43,--,08,1,36,00,00,000,R,DE11D,2009/01/01 00:00:00,312422,1511.38,8136,,4.03431231438387,0.185167535772052
192,08211,08211,082110000000,Baden-Baden,Stadtkreis,41,--,08,2,11,00,00,000,R,DE121,1975/01/01 00:00:00,54718,140.19,8211,,1.12098788189502,0.0171186024238641
193,08212,08212,082120000000,Karlsruhe,Stadtkreis,41,--,08,2,12,00,00,000,R,DE122,1975/02/14 00:00:00,311919,173.42,8212,,0.914538594021456,0.0213818089920393
194,08215,08215,082120000000,Karlsruhe,Landkreis,43,--,08,2,15,00,00,000,R,DE123,1975/02/14 00:00:00,442673,1085.27,8215,,3.26657147314944,0.1334894147594
195,08216,08216,082165005043,Rastatt,Landkreis,43,--,08,2,16,00,00,000,R,DE124,2009/01/01 00:00:00,230216,738.42,8216,,3.41898363138568,0.0903412248602857
196,08221,08221,082210000000,Heidelberg,Stadtkreis,41,--,08,2,21,00,00,000,R,DE125,2008/06/03 00:00:00,160601,108.89,8221,,0.794224946509326,0.0135399061011989
197,08222,08222,082220000000,Mannheim,Stadtkreis,41,--,08,2,22,00,00,000,R,DE126,1973/01/01 00:00:00,307997,144.97,8222,,0.749620546481814,0.018010155860676
198,08225,08225,082255005058,Neckar-Odenwald-Kreis,Landkreis,43,--,08,2,25,00,00,000,R,DE127,2009/01/01 00:00:00,143376,1125.95,8225,,2.83890259425128,0.13960282169273
199,08226,08226,082210000000,Rhein-Neckar-Kreis,Landkreis,43,--,08,2,26,00,00,000,R,DE128,2008/06/03 00:00:00,546745,1061.53,8226,,4.33902906652824,0.131305613868327
200,08231,08231,082310000000,Pforzheim,Stadtkreis,41,--,08,2,31,00,00,000,R,DE129,1975/09/20 00:00:00,124289,98.07,8231,,0.668236773004805,0.0120379475343665
201,08235,08235,082355006085,Calw,Landkreis,43,--,08,2,35,00,00,000,R,DE12A,2009/01/01 00:00:00,157424,797.31,8235,,2.33048248631431,0.0973633775271297
202,08236,08236,082310000000,Enzkreis,Landkreis,43,--,08,2,36,00,00,000,R,DE12B,1975/09/20 00:00:00,198369,573.62,8236,,2.62837579819179,0.0703349131946322
203,08237,08237,082375002028,Freudenstadt,Landkreis,43,--,08,2,37,00,00,000,R,DE12C,2009/01/01 00:00:00,117456,870.4,8237,,2.51122985536804,0.105950762922878
204,08311,08311,083110000000,Freiburg im Breisgau,Stadtkreis,41,--,08,3,11,00,00,000,R,DE131,1978/01/01 00:00:00,229636,153.04,8311,,1.02202590368427,0.0185810704788924
205,08315,08315,083110000000,Breisgau-Hochschwarzwald,Landkreis,43,--,08,3,15,00,00,000,R,DE132,1978/01/01 00:00:00,262405,1378.33,8315,,4.16232561656309,0.165705318923833
206,08316,08316,083165003011,Emmendingen,Landkreis,43,--,08,3,16,00,00,000,R,DE133,2009/01/01 00:00:00,164712,679.79,8316,,1.97613501137561,0.0822358796768162
207,08317,08317,083175010096,Ortenaukreis,Landkreis,43,--,08,3,17,00,00,000,R,DE134,2009/01/01 00:00:00,425932,1860.28,8317,,2.91022917775702,0.225949360542093
208,08325,08325,083255003049,Rottweil,Landkreis,43,--,08,3,25,00,00,000,R,DE135,2009/01/01 00:00:00,138858,769.43,8325,,2.47717949277699,0.0932047419145492
209,08326,08326,083265004074,Schwarzwald-Baar-Kreis,Landkreis,43,--,08,3,26,00,00,000,R,DE136,2009/01/01 00:00:00,211207,1025.34,8326,,2.61614416373241,0.123697931567979
210,08327,08327,083275006050,Tuttlingen,Landkreis,43,--,08,3,27,00,00,000,R,DE137,2009/01/01 00:00:00,139397,734.35,8327,,2.02927010320627,0.0884754230215349
211,08335,08335,083355004043,Konstanz,Landkreis,43,--,08,3,35,00,00,000,R,DE138,2009/01/01 00:00:00,284015,817.97,8335,,3.45858552867273,0.0981250796542987
212,08336,08336,083365003050,Lörrach,Landkreis,43,--,08,3,36,00,00,000,R,DE139,2009/01/01 00:00:00,228314,806.72,8336,,1.8955100486462,0.0967397247225638
213,08337,08337,083375007126,Waldshut,Landkreis,43,--,08,3,37,00,00,000,R,DE13A,2009/01/01 00:00:00,170198,1131.09,8337,,3.13682803115164,0.135516241379292
214,08415,08415,084150061061,Reutlingen,Landkreis,43,--,08,4,15,00,00,000,R,DE141,2011/01/01 00:00:00,285754,1092.45,8415,,2.82635247828311,0.13266690669735
215,08416,08416,084160041041,Tübingen,Landkreis,43,--,08,4,16,00,00,000,R,DE142,2009/01/01 00:00:00,225755,519.12,8416,,1.95032060155551,0.0632622564509814
216,08417,08417,084175002002,Zollernalbkreis,Landkreis,43,--,08,4,17,00,00,000,R,DE143,2009/01/01 00:00:00,188170,917.56,8417,,2.32704520114544,0.111102825872589
217,08421,08421,084210000000,Ulm,Stadtkreis,41,--,08,4,21,00,00,000,R,DE144,1997/01/01 00:00:00,125596,118.68,8421,,1.04562695740294,0.0144897875548869
218,08425,08425,084210000000,Alb-Donau-Kreis,Landkreis,43,--,08,4,25,00,00,000,R,DE145,2011/01/01 00:00:00,194629,1358.54,8425,,4.60738718369164,0.164851665664089
219,08426,08426,084265003021,Biberach,Landkreis,43,--,08,4,26,00,00,000,R,DE146,2009/01/01 00:00:00,198265,1409.49,8426,,3.31886166626023,0.170263054393946
220,08435,08435,084355002016,Bodenseekreis,Landkreis,43,--,08,4,35,00,00,000,R,DE147,2009/01/01 00:00:00,214655,664.77,8435,,2.2288758889578,0.0797734662558848
221,08436,08436,084365005064,Ravensburg,Landkreis,43,--,08,4,36,00,00,000,R,DE148,2009/01/01 00:00:00,283264,1632.09,8436,,3.60000658593539,0.196035734864247
222,08437,08437,084375006104,Sigmaringen,Landkreis,43,--,08,4,37,00,00,000,R,DE149,2009/01/01 00:00:00,130192,1204.22,8437,,3.31058406488003,0.145277047087367
223,09161,09161,091610000000,Ingolstadt,Kreisfreie Stadt,40,--,09,1,61,00,00,000,R,DE211,1972/07/01 00:00:00,135244,133.35,9161,,0.885128886338741,0.0163312081151021
224,09162,09162,091620000000,München,Kreisfreie Stadt,40,--,09,1,62,00,00,000,R,DE212,2004/12/31 00:00:00,1456039,310.71,9162,,1.30805369638928,0.0376406950738619
225,09163,09163,091630000000,Rosenheim,Kreisfreie Stadt,40,--,09,1,63,00,00,000,R,DE213,2004/12/31 00:00:00,63080,37.22,9163,,0.341217712031825,0.00439649144912309
226,09171,09171,091710111111,Altötting,Landkreis,43,--,09,1,71,00,00,000,R,DE214,2009/01/01 00:00:00,110338,569.29,9171,,1.80476065011714,0.0688961094165154
227,09172,09172,091720114114,Berchtesgadener Land,Landkreis,43,--,09,1,72,00,00,000,R,DE215,2009/01/01 00:00:00,105052,839.85,9172,,2.48109725453804,0.100632148045054
228,09173,09173,091730112112,Bad Tölz-Wolfratshausen,Landkreis,43,--,09,1,73,00,00,000,R,DE216,2009/01/01 00:00:00,126572,1110.66,9173,,2.62311442510012,0.13328363681178
229,09174,09174,091740115115,Dachau,Landkreis,43,--,09,1,74,00,00,000,R,DE217,2009/01/01 00:00:00,152703,579.15,9174,,1.88853454992393,0.0702952894445869
230,09175,09175,091750115115,Ebersberg,Landkreis,43,--,09,1,75,00,00,000,R,DE218,2009/01/01 00:00:00,140800,549.38,9175,,1.75488595162004,0.0663617246348306
231,09176,09176,091760123123,Eichstätt,Landkreis,43,--,09,1,76,00,00,000,R,DE219,2017/03/13 00:00:00,131646,1213.83,9176,,3.5594970408898,0.148947667809132
232,09177,09177,091770117117,Erding,Landkreis,43,--,09,1,77,00,00,000,R,DE21A,2009/01/01 00:00:00,136884,870.73,9177,,2.08393742725193,0.105558327980453
233,09178,09178,091780124124,Freising,Landkreis,43,--,09,1,78,00,00,000,R,DE21B,2009/01/01 00:00:00,177997,799.84,9178,,2.26413184968257,0.0970557332645543
234,09179,09179,091790121121,Fürstenfeldbruck,Landkreis,43,--,09,1,79,00,00,000,R,DE21C,2009/01/01 00:00:00,217831,434.83,9179,,1.73178684645391,0.0525725991446901
235,09180,09180,091800117117,Garmisch-Partenkirchen,Landkreis,43,--,09,1,80,00,00,000,R,DE21D,2009/01/01 00:00:00,88155,1012.2,9180,,2.3232168442425,0.120927685730696
236,09181,09181,091810130130,Landsberg am Lech,Landkreis,43,--,09,1,81,00,00,000,R,DE21E,2009/01/01 00:00:00,119141,804.38,9181,,2.46394940909761,0.0968960712533488
237,09182,09182,091820125125,Miesbach,Landkreis,43,--,09,1,82,00,00,000,R,DE21F,2011/01/01 00:00:00,99189,866.22,9182,,2.41927428155707,0.103949209699485
238,09183,09183,091830128128,Mühldorf a. Inn,Landkreis,43,--,09,1,83,00,00,000,R,DE21G,2009/01/01 00:00:00,114486,805.35,9183,,2.83789892940492,0.0974839444121561
239,09184,09184,091620000000,München,Landkreis,43,--,09,1,84,00,00,000,R,DE21H,2011/01/01 00:00:00,346433,664.26,9184,,2.86914414049292,0.0801425055741943
240,09185,09185,091850149149,Neuburg-Schrobenhausen,Landkreis,43,--,09,1,85,00,00,000,R,DE21I,2009/01/01 00:00:00,96164,739.72,9185,,2.54198117301369,0.0903436755786457
241,09186,09186,091860143143,Pfaffenhofen a.d. Ilm,Landkreis,43,--,09,1,86,00,00,000,R,DE21J,2017/03/13 00:00:00,126244,761.04,9186,,2.61957701321313,0.0927442809093586
242,09187,09187,091630000000,Rosenheim,Landkreis,43,--,09,1,87,00,00,000,R,DE21K,2004/12/31 00:00:00,259449,1439.45,9187,,4.23142558300351,0.173212560621625
243,09188,09188,091880139139,Starnberg,Landkreis,43,--,09,1,88,00,00,000,R,DE21L,2009/01/01 00:00:00,135545,487.72,9188,,1.69681305096379,0.0586792041276655
244,09189,09189,091890155155,Traunstein,Landkreis,43,--,09,1,89,00,00,000,R,DE21M,2009/01/01 00:00:00,176290,1533.83,9189,,3.53629188670516,0.184374300717839
245,09190,09190,091900157157,Weilheim-Schongau,Landkreis,43,--,09,1,90,00,00,000,R,DE21N,2009/01/01 00:00:00,134252,966.28,9190,,3.09464923156591,0.11611636511147
246,09261,09261,092610000000,Landshut,Kreisfreie Stadt,40,--,09,2,61,00,00,000,R,DE221,1974/07/01 00:00:00,71193,65.83,9261,,0.795697670512953,0.00805765726547404
247,09262,09262,092620000000,Passau,Kreisfreie Stadt,40,--,09,2,62,00,00,000,R,DE222,2016/01/01 00:00:00,51781,69.56,9262,,0.678235146047116,0.00855841043253851
248,09263,09263,092630000000,Straubing,Kreisfreie Stadt,40,--,09,2,63,00,00,000,R,DE223,1972/07/01 00:00:00,47586,67.59,9263,,0.639899049646093,0.00829159127855703
249,09271,09271,092710119119,Deggendorf,Landkreis,43,--,09,2,71,00,00,000,R,DE224,2013/04/01 00:00:00,118741,861.15,9271,,2.44430262554183,0.105370579828172
250,09272,09272,092720118118,Freyung-Grafenau,Landkreis,43,--,09,2,72,00,00,000,R,DE225,2013/04/01 00:00:00,78345,983.99,9272,,2.34434746665466,0.120502341409923
251,09273,09273,092730137137,Kelheim,Landkreis,43,--,09,2,73,00,00,000,R,DE226,2017/03/13 00:00:00,121119,1065.19,9273,,3.18810019382324,0.130391976547351
252,09274,09274,092610000000,Landshut,Landkreis,43,--,09,2,74,00,00,000,R,DE227,2004/12/31 00:00:00,157239,1347.56,9274,,4.04333973266423,0.164152549466675
253,09275,09275,092620000000,Passau,Landkreis,43,--,09,2,75,00,00,000,R,DE228,2016/01/01 00:00:00,190504,1530.09,9275,,3.98123999602642,0.186399626721406
254,09276,09276,092760138138,Regen,Landkreis,43,--,09,2,76,00,00,000,R,DE229,2009/01/01 00:00:00,77489,974.79,9276,,2.21753901703929,0.119854225216724
255,09277,09277,092770138138,Rottal-Inn,Landkreis,43,--,09,2,77,00,00,000,R,DE22A,2009/01/01 00:00:00,120371,1281.22,9277,,3.30189057756273,0.155651593336751
256,09278,09278,092630000000,Straubing-Bogen,Landkreis,43,--,09,2,78,00,00,000,R,DE22B,1978/05/01 00:00:00,99838,1201.64,9278,,3.81859931871048,0.147297721747955
257,09279,09279,092790112112,Dingolfing-Landau,Landkreis,43,--,09,2,79,00,00,000,R,DE22C,2009/01/01 00:00:00,95831,877.57,9279,,3.00733691784745,0.107068500577783
258,09361,09361,093610000000,Amberg,Kreisfreie Stadt,40,--,09,3,61,00,00,000,R,DE231,1972/07/01 00:00:00,42248,50.13,9361,,0.51364798225002,0.00625424397482065
259,09362,09362,093620000000,Regensburg,Kreisfreie Stadt,40,--,09,3,62,00,00,000,R,DE232,2016/06/01 00:00:00,150894,80.85,9362,,0.670489717385889,0.00979360053747578
260,09363,09363,093630000000,Weiden i.d. OPf.,Kreisfreie Stadt,40,--,09,3,63,00,00,000,R,DE233,2011/06/01 00:00:00,42543,70.57,9363,,0.822213873322626,0.0087925398631474
261,09371,09371,093610000000,Amberg-Sulzbach,Landkreis,43,--,09,3,71,00,00,000,R,DE234,1973/05/01 00:00:00,102836,1255.86,9371,,4.38316098641551,0.155738439382362
262,09372,09372,093720116116,Cham,Landkreis,43,--,09,3,72,00,00,000,R,DE235,2017/01/01 00:00:00,127339,1526.82,9372,,3.47303538648246,0.188543769166383
263,09373,09373,093730147147,Neumarkt i.d. OPf.,Landkreis,43,--,09,3,73,00,00,000,R,DE236,2012/04/18 00:00:00,132644,1343.95,9373,,3.52490956050882,0.165949917187588
264,09374,09374,093740139139,Neustadt a.d. Waldnaab,Landkreis,43,--,09,3,74,00,00,000,R,DE237,2017/07/01 00:00:00,94486,1427.7,9374,,4.49691751034291,0.17794616486027
265,09375,09375,093620000000,Regensburg,Landkreis,43,--,09,3,75,00,00,000,R,DE238,2016/06/01 00:00:00,192200,1391.71,9375,,4.69288393915223,0.17126938327142
266,09376,09376,093760161161,Schwandorf,Landkreis,43,--,09,3,76,00,00,000,R,DE239,2017/01/01 00:00:00,146487,1458.39,9376,,4.02075607551718,0.180534453314463
267,09377,09377,093770154154,Tirschenreuth,Landkreis,43,--,09,3,77,00,00,000,R,DE23A,2009/01/01 00:00:00,72730,1084.26,9377,,2.69820891378182,0.135718173526736
268,09461,09461,094610000000,Bamberg,Kreisfreie Stadt,40,--,09,4,61,00,00,000,R,DE241,1972/07/01 00:00:00,77179,54.62,9461,,0.480811307877925,0.00687759911577997
269,09462,09462,094620000000,Bayreuth,Kreisfreie Stadt,40,--,09,4,62,00,00,000,R,DE242,2005/01/01 00:00:00,73999,66.89,9462,,0.760316681633729,0.00839070906152945
270,09463,09463,094630000000,Coburg,Kreisfreie Stadt,40,--,09,4,63,00,00,000,R,DE243,1977/01/01 00:00:00,41236,48.29,9463,,0.573796160705856,0.00607084348290911
271,09464,09464,094640000000,Hof,Kreisfreie Stadt,40,--,09,4,64,00,00,000,R,DE244,1978/05/01 00:00:00,45950,58.02,9464,,0.643190871606329,0.00734705606462498
272,09471,09471,094610000000,Bamberg,Landkreis,43,--,09,4,71,00,00,000,R,DE245,1978/05/01 00:00:00,146584,1167.81,9471,,4.27574068488982,0.146017200131003
273,09472,09472,094620000000,Bayreuth,Landkreis,43,--,09,4,72,00,00,000,R,DE246,2017/07/01 00:00:00,103805,1273.63,9472,,4.51158656761793,0.159315488705747
274,09473,09473,094630000000,Coburg,Landkreis,43,--,09,4,73,00,00,000,R,DE247,2013/01/01 00:00:00,86885,590.41,9473,,3.13004201581073,0.0745118131004401
275,09474,09474,094740126126,Forchheim,Landkreis,43,--,09,4,74,00,00,000,R,DE248,2009/01/01 00:00:00,115681,642.81,9474,,2.36631182359028,0.0801595613372182
276,09475,09475,094640000000,Hof,Landkreis,43,--,09,4,75,00,00,000,R,DE249,1978/05/01 00:00:00,95773,892.52,9475,,3.46032641934423,0.112676234753834
277,09476,09476,094760145145,Kronach,Landkreis,43,--,09,4,76,00,00,000,R,DE24A,2009/01/01 00:00:00,67474,651.5,9476,,2.25721740981003,0.0822517466115915
278,09477,09477,094770128128,Kulmbach,Landkreis,43,--,09,4,77,00,00,000,R,DE24B,2013/04/01 00:00:00,72012,658.32,9477,,2.38306061945879,0.0826898102228019
279,09478,09478,094780139139,Lichtenfels,Landkreis,43,--,09,4,78,00,00,000,R,DE24C,2013/01/01 00:00:00,66777,519.94,9478,,2.22600767376392,0.0653223134291956
280,09479,09479,094790169169,Wunsiedel i. Fichtelgebirge,Landkreis,43,--,09,4,79,00,00,000,R,DE24D,2009/01/01 00:00:00,73485,606.37,9479,,1.73298265684593,0.0761558489280426
281,09561,09561,095610000000,Ansbach,Kreisfreie Stadt,40,--,09,5,61,00,00,000,R,DE251,2010/01/01 00:00:00,41652,99.91,9561,,0.834515371787025,0.0123379106980848
282,09562,09562,095620000000,Erlangen,Kreisfreie Stadt,40,--,09,5,62,00,00,000,R,DE252,1972/07/01 00:00:00,110998,76.96,9562,,0.599570071173552,0.00969805009826734
283,09563,09563,095630000000,Fürth,Kreisfreie Stadt,40,--,09,5,63,00,00,000,R,DE253,1972/07/01 00:00:00,126526,63.35,9563,,0.521656923495085,0.00785637270828815
284,09564,09564,095640000000,Nürnberg,Kreisfreie Stadt,40,--,09,5,64,00,00,000,R,DE254,2004/12/31 00:00:00,515201,186.45,9564,,1.61804500959683,0.0232677940910797
285,09565,09565,095650000000,Schwabach,Kreisfreie Stadt,40,--,09,5,65,00,00,000,R,DE255,1972/07/01 00:00:00,40781,40.8,9565,,0.515402699331261,0.00503650583223891
286,09571,09571,095610000000,Ansbach,Landkreis,43,--,09,5,71,00,00,000,R,DE256,2014/06/01 00:00:00,183256,1971.31,9571,,5.0880529319388,0.243643916339673
287,09572,09572,095620000000,Erlangen-Höchstadt,Landkreis,43,--,09,5,72,00,00,000,R,DE257,2004/12/31 00:00:00,135334,564.59,9572,,3.53679467567874,0.0702696796809123
288,09573,09573,095730134134,Fürth,Landkreis,43,--,09,5,73,00,00,000,R,DE258,2009/01/01 00:00:00,116193,307.42,9573,,1.39217805473594,0.0380856095053229
289,09574,09574,095740138138,Nürnberger Land,Landkreis,43,--,09,5,74,00,00,000,R,DE259,2009/01/01 00:00:00,169752,799.51,9574,,3.27505780159366,0.0990054138049793
290,09575,09575,095750153153,Neustadt a.d. Aisch-Bad Windsheim,Landkreis,43,--,09,5,75,00,00,000,R,DE25A,2014/06/01 00:00:00,99641,1267.45,9575,,3.35633658673547,0.157591326096652
291,09576,09576,095760143143,Roth,Landkreis,43,--,09,5,76,00,00,000,R,DE25B,2009/01/01 00:00:00,126101,895.14,9576,,3.49862031830715,0.110443281648578
292,09577,09577,095770177177,Weißenburg-Gunzenhausen,Landkreis,43,--,09,5,77,00,00,000,R,DE25C,2009/01/01 00:00:00,94208,970.78,9577,,2.58996838263504,0.119324900741399
293,09661,09661,096610000000,Aschaffenburg,Kreisfreie Stadt,40,--,09,6,61,00,00,000,R,DE261,1978/05/01 00:00:00,69928,62.45,9661,,0.594383655483806,0.00776348083985431
294,09662,09662,096620000000,Schweinfurt,Kreisfreie Stadt,40,--,09,6,62,00,00,000,R,DE262,1972/07/01 00:00:00,53437,35.7,9662,,0.457518335587747,0.00445498656200424
295,09663,09663,096630000000,Würzburg,Kreisfreie Stadt,40,--,09,6,63,00,00,000,R,DE263,1978/01/01 00:00:00,126635,87.6,9663,,0.752257506634729,0.0109583325867146
296,09671,09671,096610000000,Aschaffenburg,Landkreis,43,--,09,6,71,00,00,000,R,DE264,2011/07/01 00:00:00,173969,699,9671,,2.62969630368639,0.087684865323808
297,09672,09672,096720114114,Bad Kissingen,Landkreis,43,--,09,6,72,00,00,000,R,DE265,2015/01/01 00:00:00,103265,1136.85,9672,,3.24944260815691,0.143328389103404
298,09673,09673,096730114114,Rhön-Grabfeld,Landkreis,43,--,09,6,73,00,00,000,R,DE266,2015/01/01 00:00:00,79796,1021.72,9673,,2.97848711024194,0.129098097436374
299,09674,09674,096740147147,Haßberge,Landkreis,43,--,09,6,74,00,00,000,R,DE267,2009/01/01 00:00:00,84464,956.19,9674,,2.91348547609867,0.120096297192974
300,09675,09675,096750141141,Kitzingen,Landkreis,43,--,09,6,75,00,00,000,R,DE268,2009/01/01 00:00:00,90429,684.16,9675,,2.35011597596427,0.085326842099561
301,09676,09676,096760139139,Miltenberg,Landkreis,43,--,09,6,76,00,00,000,R,DE269,2009/01/01 00:00:00,128484,715.53,9676,,2.6203355679009,0.0892365933991899
302,09677,09677,096770148148,Main-Spessart,Landkreis,43,--,09,6,77,00,00,000,R,DE26A,2009/01/01 00:00:00,126523,1321.24,9677,,3.32767207991392,0.165739450219312
303,09678,09678,096620000000,Schweinfurt,Landkreis,43,--,09,6,78,00,00,000,R,DE26B,1972/07/01 00:00:00,115105,841.38,9678,,3.79949576692341,0.105552136657876
304,09679,09679,096630000000,Würzburg,Landkreis,43,--,09,6,79,00,00,000,R,DE26C,1997/01/01 00:00:00,161340,968.33,9679,,3.89172948299028,0.120621761219668
305,09761,09761,097610000000,Augsburg,Kreisfreie Stadt,40,--,09,7,61,00,00,000,R,DE271,2015/10/01 00:00:00,292851,146.87,9761,,0.951313085521247,0.0177677217254402
306,09762,09762,097620000000,Kaufbeuren,Kreisfreie Stadt,40,--,09,7,62,00,00,000,R,DE272,1972/07/01 00:00:00,43478,40.02,9762,,0.446964771363448,0.00486395820897443
307,09763,09763,097630000000,Kempten (Allgäu),Kreisfreie Stadt,40,--,09,7,63,00,00,000,R,DE273,1972/07/01 00:00:00,68330,63.28,9763,,0.613444243481514,0.00758503420821687
308,09764,09764,097640000000,Memmingen,Kreisfreie Stadt,40,--,09,7,64,00,00,000,R,DE274,1978/05/01 00:00:00,43470,70.11,9764,,0.703043468548336,0.00841491790930658
309,09771,09771,097710113113,Aichach-Friedberg,Landkreis,43,--,09,7,71,00,00,000,R,DE275,2015/10/01 00:00:00,132596,780.25,9771,,2.55292069388925,0.0947601468450337
310,09772,09772,097610000000,Augsburg,Landkreis,43,--,09,7,72,00,00,000,R,DE276,2016/07/01 00:00:00,249838,1070.61,9772,,3.48657599080212,0.130023308624633
311,09773,09773,097730125125,Dillingen a.d. Donau,Landkreis,43,--,09,7,73,00,00,000,R,DE277,2009/01/01 00:00:00,95159,792.24,9773,,2.76225460135551,0.0964942476282639
312,09774,09774,097740135135,Günzburg,Landkreis,43,--,09,7,74,00,00,000,R,DE278,2016/07/01 00:00:00,124519,762.42,9774,,2.64244780497802,0.0926421933508984
313,09775,09775,097750135135,Neu-Ulm,Landkreis,43,--,09,7,75,00,00,000,R,DE279,2009/01/01 00:00:00,172546,515.87,9775,,1.6538634336574,0.0625082226049877
314,09776,09776,097760116116,Lindau (Bodensee),Landkreis,43,--,09,7,76,00,00,000,R,DE27A,2009/01/01 00:00:00,81148,323.38,9776,,1.6294446765711,0.0386581471514166
315,09777,09777,097770151151,Ostallgäu,Landkreis,43,--,09,7,77,00,00,000,R,DE27B,2009/01/01 00:00:00,139278,1394.47,9777,,4.63012152046738,0.16717234312956
316,09778,09778,097780173173,Unterallgäu,Landkreis,43,--,09,7,78,00,00,000,R,DE27C,2009/01/01 00:00:00,142544,1229.57,9778,,3.65421163343421,0.148331049756293
317,09779,09779,097790131131,Donau-Ries,Landkreis,43,--,09,7,79,00,00,000,R,DE27D,2009/01/01 00:00:00,133043,1274.57,9779,,3.85424918143327,0.156004461089692
318,09780,09780,097800139139,Oberallgäu,Landkreis,43,--,09,7,80,00,00,000,R,DE27E,2009/01/01 00:00:00,154568,1527.98,9780,,3.84755600007867,0.18270633620594
319,10041,10041,100410100100,Regionalverband Saarbrücken,Landkreis,45,Sonderverband,10,0,41,00,00,000,R,DEC01,2009/01/01 00:00:00,330150,410.95,10041,,1.84744275108818,0.0508289194859883
320,10042,10042,100420113113,Merzig-Wadern,Landkreis,43,--,10,0,42,00,00,000,R,DEC02,2009/01/01 00:00:00,103656,556.66,10042,,1.79078738224027,0.0690933280809102
321,10043,10043,100430115115,Neunkirchen,Landkreis,43,--,10,0,43,00,00,000,R,DEC03,2009/01/01 00:00:00,133297,249.8,10043,,1.2783016291535,0.0307262294465214
322,10044,10044,100440115115,Saarlouis,Landkreis,43,--,10,0,44,00,00,000,R,DEC04,2009/01/01 00:00:00,195815,459.36,10044,,1.82826965199071,0.0568160311711266
323,10045,10045,100450114114,Saarpfalz-Kreis,Landkreis,43,--,10,0,45,00,00,000,R,DEC05,2009/01/01 00:00:00,143402,418.28,10045,,1.85226591294687,0.0517546768529455
324,10046,10046,100460117117,St. Wendel,Landkreis,43,--,10,0,46,00,00,000,R,DEC06,2009/01/01 00:00:00,87867,476.07,10046,,1.70195342561774,0.0591599289502077
325,11000,11000,110000000000,Berlin,Kreisfreie Stadt,40,--,11,0,00,00,00,000,R,DE300,1990/10/03 00:00:00,3613495,891.12,11000,,2.68122936739323,0.11801687170816
326,12051,12051,120510000000,Brandenburg an der Havel,Kreisfreie Stadt,40,--,12,0,51,00,00,000,R,DE401,2012/10/01 00:00:00,71886,229.72,12051,,1.66068715239989,0.0302797035202456
327,12052,12052,120520000000,Cottbus,Kreisfreie Stadt,40,--,12,0,52,00,00,000,R,DE402,2003/10/26 00:00:00,101036,165.63,12052,,1.04878939818377,0.0214981332091373
328,12053,12053,120530000000,Frankfurt (Oder),Kreisfreie Stadt,40,--,12,0,53,00,00,000,R,DE403,2002/05/31 00:00:00,58237,147.85,12053,,0.776028432426071,0.0194713318396966
329,12054,12054,120540000000,Potsdam,Kreisfreie Stadt,40,--,12,0,54,00,00,000,R,DE404,2014/09/11 00:00:00,175710,188.26,12054,,1.15845251161655,0.0247007611698359
330,12060,12060,120600052052,Barnim,Landkreis,43,--,12,0,60,00,00,000,R,DE405,2009/01/01 00:00:00,180864,1479.6,12060,,4.17371351469398,0.197402223428913
331,12061,12061,120610316316,Dahme-Spreewald,Landkreis,43,--,12,0,61,00,00,000,R,DE406,2015/01/19 00:00:00,167319,2274.53,12061,,5.30679599416179,0.298091534568742
332,12062,12062,120620224224,Elbe-Elster,Landkreis,43,--,12,0,62,00,00,000,R,DE407,2009/01/01 00:00:00,103455,1899.6,12062,,3.59513289777709,0.246565174503649
333,12063,12063,120630252252,Havelland,Landkreis,43,--,12,0,63,00,00,000,R,DE408,2012/10/01 00:00:00,160710,1727.3,12063,,4.24083912732202,0.229226496649533
334,12064,12064,120640448448,Märkisch-Oderland,Landkreis,43,--,12,0,64,00,00,000,R,DE409,2009/01/01 00:00:00,192921,2158.66,12064,,3.82908011611111,0.28621562454731
335,12065,12065,120650256256,Oberhavel,Landkreis,43,--,12,0,65,00,00,000,R,DE40A,2009/01/01 00:00:00,209893,1808.16,12065,,4.39215689002717,0.241473386528555
336,12066,12066,120660304304,Oberspreewald-Lausitz,Landkreis,43,--,12,0,66,00,00,000,R,DE40B,2009/01/01 00:00:00,111122,1223.05,12066,,2.99999718758666,0.158700978318933
337,12067,12067,120670036036,Oder-Spree,Landkreis,43,--,12,0,67,00,00,000,R,DE40C,2015/01/19 00:00:00,178347,2256.76,12067,,4.53022714191288,0.296996152367528
338,12068,12068,120680320320,Ostprignitz-Ruppin,Landkreis,43,--,12,0,68,00,00,000,R,DE40D,2011/01/01 00:00:00,99368,2526.55,12068,,4.69274165028989,0.338013682376704
339,12069,12069,120690020020,Potsdam-Mittelmark,Landkreis,43,--,12,0,69,00,00,000,R,DE40E,2014/09/11 00:00:00,213214,2592.07,12069,,5.69660946766467,0.341199091282286
340,12070,12070,120700296296,Prignitz,Landkreis,43,--,12,0,70,00,00,000,R,DE40F,2009/01/01 00:00:00,77263,2138.57,12070,,3.91243301826554,0.286987014927301
341,12071,12071,120710076076,Spree-Neiße,Landkreis,43,--,12,0,71,00,00,000,R,DE40G,2009/01/01 00:00:00,115456,1656.97,12071,,4.13938160042109,0.215703764089238
342,12072,12072,120720232232,Teltow-Fläming,Landkreis,43,--,12,0,72,00,00,000,R,DE40H,2009/01/01 00:00:00,166890,2104.22,12072,,3.89224022487623,0.275779354570374
343,12073,12073,120730452452,Uckermark,Landkreis,43,--,12,0,73,00,00,000,R,DE40I,2009/01/01 00:00:00,120349,3076.96,12073,,4.78819848434928,0.413651441934702
344,13003,13003,130030000000,Rostock,Kreisfreie Stadt,40,--,13,0,03,00,00,000,R,DE803,2007/01/01 00:00:00,208409,181.36,13003,,1.63794217307517,0.0232847586057682
345,13004,13004,130040000000,Schwerin,Kreisfreie Stadt,40,--,13,0,04,00,00,000,R,DE804,1990/10/03 00:00:00,95797,130.52,13004,,0.840563309191685,0.0176608113050832
346,13071,13071,130710107107,Mecklenburgische Seenplatte,Landkreis,43,--,13,0,71,00,00,000,R,DE80J,2011/09/04 00:00:00,260574,5495.62,13071,,6.34108517394784,0.744847155139674
347,13072,13072,130720043043,Rostock,Landkreis,43,--,13,0,72,00,00,000,R,DE80K,2011/09/04 00:00:00,214635,3431.27,13072,,5.82188622221059,0.468817395175208
348,13073,13073,130730088088,Vorpommern-Rügen,Landkreis,43,--,13,0,73,00,00,000,R,DE80L,2011/09/04 00:00:00,225123,3215.02,13073,,14.0736779584213,0.436318102496876
349,13074,13074,130740087087,Nordwestmecklenburg,Landkreis,43,--,13,0,74,00,00,000,R,DE80M,2011/09/04 00:00:00,156993,2127.09,13074,,5.19324080750888,0.289865762598433
350,13075,13075,130750039039,Vorpommern-Greifswald,Landkreis,43,--,13,0,75,00,00,000,R,DE80N,2011/09/04 00:00:00,237066,3945.59,13075,,10.2344385778291,0.51721113903092
351,13076,13076,130760108108,Ludwigslust-Parchim,Landkreis,43,--,13,0,76,00,00,000,R,DE80O,2014/11/01 00:00:00,212522,4766.79,13076,,6.70346798144875,0.644770086019478
352,14511,14511,145110000000,Chemnitz,Kreisfreie Stadt,40,--,14,5,11,00,00,000,K,DED41,2008/08/01 00:00:00,246855,221.05,14511,,1.12598306335323,0.0282154160253631
353,14521,14521,145210020020,Erzgebirgskreis,Landkreis,43,--,14,5,21,00,00,000,K,DED42,2012/12/01 00:00:00,340373,1827.9,14521,,3.72861551432575,0.232026120731267
354,14522,14522,145220180180,Mittelsachsen,Landkreis,43,--,14,5,22,00,00,000,K,DED43,2015/07/01 00:00:00,308153,2116.88,14522,,4.39648981660569,0.270494409844045
355,14523,14523,145230320320,Vogtlandkreis,Landkreis,43,--,14,5,23,00,00,000,K,DED44,2009/01/01 00:00:00,229584,1412.44,14523,,3.63276837513553,0.17878900984904
356,14524,14524,145240330330,Zwickau,Landkreis,43,--,14,5,24,00,00,000,K,DED45,2012/12/01 00:00:00,319988,949.78,14524,,2.78346554709705,0.120962062031197
357,14612,14612,146120000000,Dresden,Kreisfreie Stadt,40,--,14,6,12,00,00,000,K,DED21,2008/08/01 00:00:00,551072,328.48,14612,,1.48959774282368,0.0420517946245651
358,14625,14625,146250020020,Bautzen,Landkreis,43,--,14,6,25,00,00,000,K,DED2C,2009/01/01 00:00:00,302634,2395.58,14625,,4.16024653697124,0.308528586632231
359,14626,14626,146260110110,Görlitz,Landkreis,43,--,14,6,26,00,00,000,K,DED2D,2009/01/01 00:00:00,256587,2111.4,14626,,3.98138659241202,0.271657579609509
360,14627,14627,146270140140,Meißen,Landkreis,43,--,14,6,27,00,00,000,K,DED2E,2015/07/01 00:00:00,242862,1454.58,14627,,3.11234892730066,0.187621704986973
361,14628,14628,146285229270,Sächsische Schweiz-Osterzgebirge,Landkreis,43,--,14,6,28,00,00,000,K,DED2F,2013/04/11 00:00:00,245418,1654.19,14628,,3.48419823972303,0.211383772538636
362,14713,14713,147130000000,Leipzig,Kreisfreie Stadt,40,--,14,7,13,00,00,000,K,DED51,2008/08/01 00:00:00,581980,297.8,14713,,1.44331879978903,0.0385771268121005
363,14729,14729,147290050050,Leipzig,Landkreis,43,--,14,7,29,00,00,000,K,DED52,2014/02/01 00:00:00,258008,1651.34,14729,,4.04292185901258,0.212476423219725
364,14730,14730,147305311310,Nordsachsen,Landkreis,43,--,14,7,30,00,00,000,K,DED53,2008/08/01 00:00:00,197794,2028.54,14730,,4.87289515758907,0.262285798963241
365,15001,15001,150010000000,Dessau-Roßlau,Kreisfreie Stadt,40,--,15,0,01,00,00,000,R,DEE01,2007/07/01 00:00:00,82111,244.75,15001,,1.34587694897105,0.032121859083748
366,15002,15002,150020000000,Halle (Saale),Kreisfreie Stadt,40,--,15,0,02,00,00,000,R,DEE02,2007/07/01 00:00:00,239173,135.03,15002,,0.933385538752627,0.0175600226701056
367,15003,15003,150030000000,Magdeburg,Kreisfreie Stadt,40,--,15,0,03,00,00,000,R,DEE03,2007/07/01 00:00:00,238478,201.01,15003,,0.989388076651851,0.026313690229177
368,15081,15081,150810455455,Altmarkkreis Salzwedel,Landkreis,43,--,15,0,81,00,00,000,R,DEE04,2009/01/01 00:00:00,84457,2293.26,15081,,3.71575617900455,0.306131761838944
369,15082,15082,150820180180,Anhalt-Bitterfeld,Landkreis,43,--,15,0,82,00,00,000,R,DEE05,2009/01/01 00:00:00,161264,1454.25,15082,,4.10972899052638,0.190308585023805
370,15083,15083,150830270270,Börde,Landkreis,43,--,15,0,83,00,00,000,R,DEE07,2009/01/01 00:00:00,172619,2366.85,15083,,4.47014018980004,0.312603192513554
371,15084,15084,150840355355,Burgenlandkreis,Landkreis,43,--,15,0,84,00,00,000,R,DEE08,2014/02/01 00:00:00,181968,1413.72,15084,,3.51693557798257,0.182267349605028
372,15085,15085,150850135135,Harz,Landkreis,43,--,15,0,85,00,00,000,R,DEE09,2009/01/01 00:00:00,216299,2104.59,15085,,3.97503090013613,0.274766605445946
373,15086,15086,150860015015,Jerichower Land,Landkreis,43,--,15,0,86,00,00,000,R,DEE06,2009/01/01 00:00:00,90465,1576.89,15086,,2.9218900470922,0.209207874631318
374,15087,15087,150870370370,Mansfeld-Südharz,Landkreis,43,--,15,0,87,00,00,000,R,DEE0A,2009/01/01 00:00:00,138013,1448.86,15087,,4.01013136328976,0.18864796578549
375,15088,15088,150880220220,Saalekreis,Landkreis,43,--,15,0,88,00,00,000,R,DEE0B,2007/07/01 00:00:00,185494,1433.73,15088,,4.44951379112736,0.186119887123655
376,15089,15089,150890030030,Salzlandkreis,Landkreis,43,--,15,0,89,00,00,000,R,DEE0C,2007/07/12 00:00:00,192739,1427.13,15089,,3.14983567278983,0.187192452282868
377,15090,15090,150900535535,Stendal,Landkreis,43,--,15,0,90,00,00,000,R,DEE0D,2007/07/01 00:00:00,113186,2423.27,15090,,4.64414076438048,0.323913752603206
378,15091,15091,150910375375,Wittenberg,Landkreis,43,--,15,0,91,00,00,000,R,DEE0E,2009/01/01 00:00:00,126815,1930.48,15091,,3.46888574239353,0.253261363532609
379,16051,16051,160510000000,Erfurt,Kreisfreie Stadt,40,--,16,0,51,00,00,000,R,DEG01,1994/10/12 00:00:00,212988,269.91,16051,,1.2528411022805,0.0346132015201612
380,16052,16052,160520000000,Gera,Kreisfreie Stadt,40,--,16,0,52,00,00,000,R,DEG02,1994/07/01 00:00:00,94859,152.19,16052,,0.890300792350181,0.0194555175461827
381,16053,16053,160530000000,Jena,Kreisfreie Stadt,40,--,16,0,53,00,00,000,R,DEG03,1994/07/01 00:00:00,111099,114.76,16053,,0.82098909332589,0.0146808325840255
382,16054,16054,160540000000,Suhl,Kreisfreie Stadt,40,--,16,0,54,00,00,000,R,DEG04,1994/07/01 00:00:00,35166,103.03,16054,,0.967408485631865,0.0130180998640685
383,16055,16055,160550000000,Weimar,Kreisfreie Stadt,40,--,16,0,55,00,00,000,R,DEG05,1994/07/01 00:00:00,64426,84.48,16055,,0.740729031151878,0.0108037795046656
384,16056,16056,160560000000,Eisenach,Kreisfreie Stadt,40,--,16,0,56,00,00,000,R,DEG0N,1998/01/01 00:00:00,42710,104.17,16056,,0.814701369738497,0.0133771132572273
385,16061,16061,160610045045,Eichsfeld,Landkreis,43,--,16,0,61,00,00,000,R,DEG06,2009/01/01 00:00:00,100645,943.08,16061,,2.49336170494767,0.121691902915286
386,16062,16062,160620041041,Nordhausen,Landkreis,43,--,16,0,62,00,00,000,R,DEG07,2009/01/01 00:00:00,84697,713.91,16062,,2.23715762056231,0.0924511135024952
387,16063,16063,160635051003,Wartburgkreis,Landkreis,43,--,16,0,63,00,00,000,R,DEG0P,2009/01/01 00:00:00,123764,1307.46,16063,,5.03028538207034,0.166845061900375
388,16064,16064,160640046046,Unstrut-Hainich-Kreis,Landkreis,43,--,16,0,64,00,00,000,R,DEG09,2009/01/01 00:00:00,103504,979.68,16064,,2.60664141967527,0.125886158158905
389,16065,16065,160650067067,Kyffhäuserkreis,Landkreis,43,--,16,0,65,00,00,000,R,DEG0A,2009/01/01 00:00:00,75818,1037.89,16065,,3.27655993327904,0.133837085367655
390,16066,16066,160665050042,Schmalkalden-Meiningen,Landkreis,43,--,16,0,66,00,00,000,R,DEG0B,2009/01/01 00:00:00,122952,1210.74,16066,,3.31629798684143,0.153853438439388
391,16067,16067,160670029029,Gotha,Landkreis,43,--,16,0,67,00,00,000,R,DEG0C,2009/01/01 00:00:00,135521,936.09,16067,,2.34563676485394,0.119630883900313
392,16068,16068,160680051051,Sömmerda,Landkreis,43,--,16,0,68,00,00,000,R,DEG0D,2009/01/01 00:00:00,70027,806.88,16068,,2.70942517559566,0.103677997945537
393,16069,16069,160690024024,Hildburghausen,Landkreis,43,--,16,0,69,00,00,000,R,DEG0E,2009/01/01 00:00:00,63923,938.43,16069,,3.08427522393116,0.118645665302959
394,16070,16070,160705050004,Ilm-Kreis,Landkreis,43,--,16,0,70,00,00,000,R,DEG0F,2009/01/01 00:00:00,108830,843.73,16070,,2.59381836865547,0.107404316964567
395,16071,16071,160710001001,Weimarer Land,Landkreis,43,--,16,0,71,00,00,000,R,DEG0G,2009/01/01 00:00:00,82131,804.49,16071,,3.17651280588266,0.102945454547171
396,16072,16072,160720018018,Sonneberg,Landkreis,43,--,16,0,72,00,00,000,R,DEG0H,2009/01/01 00:00:00,56361,433.61,16072,,1.8664933799127,0.0547782493312882
397,16073,16073,160730077077,Saalfeld-Rudolstadt,Landkreis,43,--,16,0,73,00,00,000,R,DEG0I,2009/01/01 00:00:00,107368,1036.03,16073,,3.37866266542391,0.131695772932018
398,16074,16074,160745052018,Saale-Holzland-Kreis,Landkreis,43,--,16,0,74,00,00,000,R,DEG0J,2009/01/01 00:00:00,82990,815.25,16074,,2.81640267734228,0.10422010871411
399,16075,16075,160750098098,Saale-Orla-Kreis,Landkreis,43,--,16,0,75,00,00,000,R,DEG0K,2009/01/01 00:00:00,81501,1151.33,16075,,2.99259671716758,0.146168251350295
400,16076,16076,160765052022,Greiz,Landkreis,43,--,16,0,76,00,00,000,R,DEG0L,2009/01/01 00:00:00,99275,845.96,16076,,3.3486747445122,0.107786657953652
401,16077,16077,160770001001,Altenburger Land,Landkreis,43,--,16,0,77,00,00,000,R,DEG0M,2014/02/01 00:00:00,90650,569.44,16077,,1.85289612259383,0.0728568826620374
